url,erro
https://iptv.smileandlearn.com/game/INVERTEBRATEARTHROPODS,Request failed with status code 403
https://iptv.smileandlearn.com/game/INVERTEBRATECOELENTERATES,Request failed with status code 403
https://iptv.smileandlearn.com/game/INVERTEBRATESPONGES,Request failed with status code 403
https://iptv.smileandlearn.com/game/INVERTEBRATEMOLLUSKS,Request failed with status code 403
https://iptv.smileandlearn.com/game/VERTEBRATEREPTILES,Request failed with status code 403
https://iptv.smileandlearn.com/game/INVERTEBRATEWORMS,Request failed with status code 403
https://iptv.smileandlearn.com/game/ANTONYMS_ACTIVITY/index.html?l4ngs=pDTNcdpFukpjC6Xy/x5i0A==,Request failed with status code 403
https://iptv.smileandlearn.com/game/COMPARELENGTHUNITSSMD_ACTIVITY/index.html?l4ngs=pDTNcdpFukpjC6Xy/x5i0A==,Request failed with status code 403
https://iptv.smileandlearn.com/game/COMPARELENGTHUNITSSI_ACTIVITY/index.html?l4ngs=pDTNcdpFukpjC6Xy/x5i0A==,Request failed with status code 403
https://iptv.smileandlearn.com/game/CONVERTLENGTHUNITSSMD_ACTIVITY/index.html?l4ngs=pDTNcdpFukpjC6Xy/x5i0A==,Request failed with status code 403
https://iptv.smileandlearn.com/game/CONVERTLENGTHUNITSSI_ACTIVITY/index.html?l4ngs=pDTNcdpFukpjC6Xy/x5i0A==,Request failed with status code 403
https://iptv.smileandlearn.com/game/PROBLEMSSUMS1_ACTIVITY/index.html?l4ngs=pDTNcdpFukpjC6Xy/x5i0A==,Request failed with status code 403
https://iptv.smileandlearn.com/game/PROBLEMSSUMS2_ACTIVITY/index.html?l4ngs=pDTNcdpFukpjC6Xy/x5i0A==,Request failed with status code 403
https://iptv.smileandlearn.com/game/PROBLEMSSUBSTS1_ACTIVITY/index.html?l4ngs=pDTNcdpFukpjC6Xy/x5i0A==,Request failed with status code 403
https://iptv.smileandlearn.com/game/PROBLEMSSUBSTS2_ACTIVITY/index.html?l4ngs=pDTNcdpFukpjC6Xy/x5i0A==,Request failed with status code 403
https://iptv.smileandlearn.com/game/PROBLEMSMULTS1_ACTIVITY/index.html?l4ngs=pDTNcdpFukpjC6Xy/x5i0A==,Request failed with status code 403
https://iptv.smileandlearn.com/game/PROBLEMSDIVISIONS1_ACTIVITY/index.html?l4ngs=pDTNcdpFukpjC6Xy/x5i0A==,Request failed with status code 403
https://iptv.smileandlearn.com/game/PROBLEMSMULTS2_ACTIVITY/index.html?l4ngs=pDTNcdpFukpjC6Xy/x5i0A==,Request failed with status code 403
https://iptv.smileandlearn.com/game/PROBLEMSDIVISIONS2_ACTIVITY/index.html?l4ngs=pDTNcdpFukpjC6Xy/x5i0A==,Request failed with status code 403
https://iptv.smileandlearn.com/game/PROBLEMSSUMSSUBSTS1_ACTIVITY/index.html?l4ngs=pDTNcdpFukpjC6Xy/x5i0A==,Request failed with status code 403
https://iptv.smileandlearn.com/game/SYNONYMS_ACTIVITY/index.html?l4ngs=pDTNcdpFukpjC6Xy/x5i0A==,Request failed with status code 403
https://iptv.smileandlearn.com/game/ANTONYMS_ACTIVITY/index.html?l4ngs=pDTNcdpFukpjC6Xy/x5i0A==,Request failed with status code 403
https://iptv.smileandlearn.com/game/HISTORY_MIDDLE_AGES_AUDIOBOOK/index.html?l4ngs=pDTNcdpFukpjC6Xy/x5i0A==,Request failed with status code 403
https://iptv.smileandlearn.com/game/VEGETABLEGARDEN/index.html?l4ngs=pDTNcdpFukpjC6Xy/x5i0A==,Request failed with status code 403